"4x4 (testing only)","Link to Measure","Link to Story","Measure ID","Measure Name","Measure Value","Target Value","Measure Status","Most Recent Reporting Year","Reporting Frequency","Page Update Date","Metadata Update Date"
"vyzh-pff9","https://data.austintexas.gov/d/vyzh-pff9","https://data.austintexas.gov/stories/s/e8bv-yc47","CLL.A.1","Percentage of residents who report being satisfied or very satisfied with the quality of cultural and learning services and programs","74%","73.8","On Track","1/1/19 - 12/31/19","Annually (Calendar Year)","March 2021","06/02/2021"
"ptqn-qy7w","https://data.austintexas.gov/d/ptqn-qy7w","https://data.austintexas.gov/stories/s/ecc5-fpih","CLL.A.3","Percentage of residents who report being satisfied or very satisfied with the quality of the City’s cultural and learning facilities","74%","78.","Near Target","1/1/19 - 12/31/19","Annually (Calendar Year)","March 2021","07/27/2020"
"pk4m-9m35","https://data.austintexas.gov/d/pk4m-9m35","https://data.austintexas.gov/stories/s/nk97-it22","CLL.A.4","Percentage of residents who report that they have attended a cultural event or program organized by the City in the past 6 months","25%","24.5","On Track","1/1/19 - 12/31/19","Measure Time Period: Annually (Calendar Year)","March 2021","07/27/2020"
"gqcq-eh8a","https://data.austintexas.gov/d/gqcq-eh8a","https://data.austintexas.gov/stories/s/kgai-y8vi","CLL.A.5","Percentage of recreation program participants reporting an improvement to their quality of life as a result of the program","69%","72","Near Target","1/1/19 - 12/31/19","Measure Time Period: Annually (Calendar Year)","March 2021","07/14/2020"
"vy6e-hg3r","https://data.austintexas.gov/d/vy6e-hg3r","https://data.austintexas.gov/stories/s/mzed-5b3e","CLL.A.6","Percentage of available reservations filled at City-owned cultural spaces","46%","50","Near Target","1/1/20 - 12/31/20","Annually (Fiscal Year) ","April 2021","04/02/2021"
"rris-6n6y","https://data.austintexas.gov/d/rris-6n6y","https://data.austintexas.gov/stories/s/jaia-eaet","CLL.B.1","Median earnings of metro-area creative sector occupations","$19.86","21.4","Near Target","1/1/18 - 12/31/18","Annually (Calendar Year)","October 2021","12/18/2020"
"ikqh-wpsx","https://data.austintexas.gov/d/ikqh-wpsx","https://data.austintexas.gov/stories/s/nhps-8c54","CLL.B.2","Number of people employed in the creative sector in the Austin Metropolitan Statistical Area","80K","80000","Near Target","1/1/19 - 12/31/19","Annually (Calendar Year)","April 2021","08/07/2020"
"4itq-5e92","https://data.austintexas.gov/d/4itq-5e92","https://data.austintexas.gov/stories/s/xjsh-9y46","CLL.B.3","Austin's Score on the Creative Vitality Index","1.37","1","On Track","1/1/19 - 12/31/19","Annually (Calendar Year)","October 2021","08/07/2020"
"8cwu-6u8r","https://data.austintexas.gov/d/8cwu-6u8r","https://data.austintexas.gov/stories/s/rzxy-tiqz","CLL.B.4","Number and percentage of creative-sector professionals who indicated they benefited from a City-sponsored professional development opportunity","97%","96","On Track","10/1/19 - 9/30/20","Annually (Fiscal Year)","August 2020","11/10/2020"
"c7i8-cpd4","https://data.austintexas.gov/d/c7i8-cpd4","https://data.austintexas.gov/stories/s/itfb-it5x","CLL.B.5","Number of community members who attended performances/events arranged through cultural and music contracts","5.26M","4000000","On Track","1/1/20 - 12/31/20","Annually (Fiscal Year)","April 2021","01/05/2021"
"fn6w-y4du","https://data.austintexas.gov/d/fn6w-y4du","https://data.austintexas.gov/stories/s/hfbb-kg6t","CLL.B.6","Number and percentage of creatives who report having access to affordable creative space","30%","32","Near Target","7/1/21 to today","Annual (Calendar Year); data collected year-round.","October 2021","10/21/2021"
"ypz5-aunj","https://data.austintexas.gov/d/ypz5-aunj","https://data.austintexas.gov/stories/s/3dbr-g3ga","CLL.C.1","Percentage of residents who report feeling welcome in Austin","71%","75","Near Target","1/1/19 - 12/31/19","Measure Time Period: Annually (Calendar Year)","March 2021","07/17/2020"
"hvvx-yqt6","https://data.austintexas.gov/d/hvvx-yqt6","https://data.austintexas.gov/stories/s/Percentage-of-all-Austin-ZIP-Codes-where-70-percen/scuh-nqaj/","CLL.C.2","Percentage of all Austin ZIP Codes where 70 percent or more of residents are the same race","68%","Does not exist","Measuring","1/1/18 - 12/31/18","Annually (Calendar Year)","September 2020","06/10/2021"
"g9tz-dcfe","https://data.austintexas.gov/d/g9tz-dcfe","https://data.austintexas.gov/stories/s/6p8t-s826","CLL.C.3","Change in percentage of Austin population that is African American","-0.7%","Does not exist","Measuring","1/1/19 - 12/31/19"," Annually (Calendar Year)","September 2020","06/10/2021"
"4cp4-77ub","https://data.austintexas.gov/d/4cp4-77ub","https://data.austintexas.gov/stories/s/ay42-mvrx","CLL.C.4","Number of attendees at City-supported multicultural activities","133K","177000","Off Track","1/1/20 - 12/31/20","Annually (Fiscal Year)","April 2021","04/02/2021"
"635m-2f8c","https://data.austintexas.gov/d/635m-2f8c","https://data.austintexas.gov/stories/s/ht8x-aijb","CLL.C.5","Percentage of participants in City-supported events or programs who report that they increased their knowledge and understanding of culture, history, and/or art","98%","98","On Track","1/1/20 - 12/31/20","Annually (Fiscal Year)","April 2021","04/02/2021"
"98qh-nyzn","https://data.austintexas.gov/d/98qh-nyzn","https://data.austintexas.gov/stories/s/4uke-bhq2","CLL.D.1","Percentage of residents who feel that Austin is a place that honors and preserves my personal heritage","41%","41","On Track","1/1/19 - 12/31/19","Annually (Calendar Year)","March 2021","07/27/2020"
"kvwm-pmce","https://data.austintexas.gov/d/kvwm-pmce","https://data.austintexas.gov/stories/s/t3y8-ur2q","CLL.D.2","Percentage of buildings, structures, and sites preserved as locally designated historic resources that represent the community heritages of African American, Asian, Hispanic/Latino, Indigenous, Pacific Islander, and/or other people of color","12","Does not exist","Measuring","Does not exist"," Annually (Calendar Year)","December 2020","06/10/2021"
"s2fz-n3kt","https://data.austintexas.gov/d/s2fz-n3kt","https://data.austintexas.gov/stories/s/Number-and-Percentage-of-Austin-History-Center-Arc/w8rh-7qm2/","CLL.D.3","Number and Percentage of Archival Requests Fulfilled","834","Does not exist","Measuring","10/1/20 - 9/30/21","The single count is reported annually, the end of each fiscal year.","October 1, 2021","11/09/2021"
"xh2s-5fx9","https://data.austintexas.gov/d/xh2s-5fx9","https://data.austintexas.gov/stories/s/szmj-28ws","CLL.D.4","Number of potentially significant buildings, structures, or sites recommended for historic landmark designation by the Historic Landmark Commission, but for which a demolition permit was released.","2","Does not exist","Measuring","Does not exist","Annually (Calendar Year)","December 2020","06/10/2021"
"rvpx-qf56","https://data.austintexas.gov/d/rvpx-qf56","https://data.austintexas.gov/stories/s/jsbv-h3zh","CLL.E.1","Percentage of residents who report participating in a lifelong learning activity in the past 3 months","5%","6","Near Target","1/1/19 - 12/31/19","Measure Time Period: Annually (Calendar Year)","March 2021","07/27/2020"
"2c9z-tp5e","https://data.austintexas.gov/d/2c9z-tp5e","https://data.austintexas.gov/stories/s/rxmc-jicb","CLL.E.2","Number of participants in City-offered lifelong learning events, activities, and resources","230K","253276","Near Target","1/1/20 - 12/31/20"," Annually (Fiscal Year)","January 2021","02/09/2021"
"6bit-84aw","https://data.austintexas.gov/d/6bit-84aw","https://data.austintexas.gov/stories/s/epgk-j68z","CLL.E.3","Percentage of participants satisfied with City-offered lifelong learning events, activities, and resources","65%","67","Near Target","1/1/19 - 12/31/19","Annually (Calendar Year)","March 2021","07/27/2020"
"ap7s-5fha","https://data.austintexas.gov/d/ap7s-5fha","https://data.austintexas.gov/stories/s/Percentage-Unemployment-Rate/ehhu-nafn/","EOA.A.1","Percentage Unemployment Rate","6%","Does not exist","Measuring","1/1/20 - 12/31/20","Annually (Calendar Year)","August 2020","03/11/2021"
"acsm-425i","https://data.austintexas.gov/d/acsm-425i","https://data.austintexas.gov/stories/s/ndb5-si22","EOA.A.2","Number of Small Businesses Per Capita","0.03","0.029","On Track","1/1/18 - 12/31/18","Annually (Calendar Year)","October 2020","12/03/2020"
"uxu5-5ujt","https://data.austintexas.gov/d/uxu5-5ujt","https://data.austintexas.gov/stories/s/i3wc-jv64","EOA.A3","Number and percentage of commercial and mixed-use development permits that are issued in Imagine Austin Activity Centers and Corridors","63%","Does not exist","Measuring","10/1/20 - 9/30/21","Annually(Fiscal Year)","April 2021","10/07/2020"
"j9tj-xga9","https://data.austintexas.gov/d/j9tj-xga9","https://data.austintexas.gov/stories/s/nqxm-rcm7","EOA.A.4","Number and Percentage of Commercial and Mixed-use Reviews Completed On Time","84%","Does not exist","Measuring","10/1/20 - 9/30/21","Annually (Fiscal Year)"," April 2021","04/01/2021"
"g8mf-uir4","https://data.austintexas.gov/d/g8mf-uir4","https://data.austintexas.gov/stories/s/9q8x-qhyx","EOA.A.5","Percentage of prime contractors that meet solicitation goals (at time of award) through the utilization of certified minority-owned, women-owned, and disadvantaged businesses on applicable City of Austin contracts set by the Small and Minority Bu","98%","95","On Track","10/1/19 - 9/30/20","Annually (Fiscal Year)","Does not exist","11/09/2021"
"ikrg-njck","https://data.austintexas.gov/d/ikrg-njck","https://data.austintexas.gov/stories/s/hgbb-jkth/","EOA.A.6","Number of Small Businesses Supported by City of Austin Programs","4,266","4266","On Track","10/1/19 - 9/30/20","Annually (Fiscal Year)","October 2020","12/03/2020"
"cy58-57m6","https://data.austintexas.gov/d/cy58-57m6","https://data.austintexas.gov/stories/s/kgf9-tcgd","EOA.B.1","Number and percentage of residents living below the poverty level","12%","Does not exist","Measuring","1/1/19 - 12/31/19","Annually (Calendar Year)","September 2020","06/10/2021"
"fnnn-idmk","https://data.austintexas.gov/d/fnnn-idmk","https://data.austintexas.gov/stories/s/i3a3-vjnc","EOA.B.2","Distribution of household income.","45.2%","Does not exist","Measuring","Does not exist"," Annually (Calendar Year)","December 2020","06/10/2021"
"4d4p-yxap","https://data.austintexas.gov/d/4d4p-yxap","https://data.austintexas.gov/stories/s/qn7g-mcec","EOA.B.3","Number and percentage of Census tracts meeting criteria for R/ECAP (Racially/Ethnically Concentrated Areas of Poverty)","7%","Does not exist","Measuring","1/1/17 - 12/31/17"," Annually (Calendar Year)","September 2020","06/10/2021"
"rngs-zs86","https://data.austintexas.gov/d/rngs-zs86","https://data.austintexas.gov/stories/s/xf9r-hzjn","EOA.B.4","Number and percentage of Census tracts that are economically and/or racially segregated","35%","Does not exist","Measuring","Does not exist"," Annually (Calendar Year)","December 2020","06/10/2021"
"eg7c-dzmy","https://data.austintexas.gov/d/eg7c-dzmy","https://data.austintexas.gov/stories/s/hynm-5nw6","EOA.B.5","Employees Under the Living Wage","6","1","Off Track","9/1/20 - 8/31/21","Annually (Fiscal Year)Data page was last updated: October 2021","October 2021","11/04/2021"
"srfz-ermr","https://data.austintexas.gov/d/srfz-ermr","https://data.austintexas.gov/stories/s/Median-Family-Income/r93e-edn2","EOA.B.6","Median Family Income","$98.9K","Does not exist","Measuring","10/1/20 - 9/30/21","Annually (Fiscal Year)","August 2020","12/03/2020"
"k66u-5h8v","https://data.austintexas.gov/d/k66u-5h8v","https://data.austintexas.gov/stories/s/tevy-4u2b","EOA.C.1","Percentage of households paying more than 30 percent (and more than 50 percent) of income toward housing","37%","Does not exist","Measuring","1/1/18 - 12/31/18","Annually (Calendar Year)","August 2020","08/14/2020"
"w7fi-einn","https://data.austintexas.gov/d/w7fi-einn","https://data.austintexas.gov/stories/s/rt9q-qkym","EOA.C.3","Dollars-Per-Hour-Wage that an Individual Must Earn to Support a Family in Austin (Self-Sufficiency Wage)","$24.12","22.2","Near Target","1/1/20 - 12/31/20","Every two years","October 2020","01/06/2021"
"ue2c-mmdw","https://data.austintexas.gov/d/ue2c-mmdw","https://data.austintexas.gov/stories/s/f35r-94j2","EOA.C.4","Percentage of Residential Units Permitted in Imagine Austin Activity Centers and Corridors","60%","Does not exist","Measuring","10/1/19 - 9/30/20","Annually(Fiscal Year)","April 2021","12/10/2020"
"k958-mx8j","https://data.austintexas.gov/d/k958-mx8j","https://data.austintexas.gov/stories/s/t4es-hvsj","EOA.C.5.a","Austin Energy average annual system rate","$0.094","0.11412","On Track","10/1/20 - 9/30/21","Annually (Fiscal Year)","January 2021","10/27/2021"
"64an-ghxu","https://data.austintexas.gov/d/64an-ghxu","https://data.austintexas.gov/stories/s/w8c4-v9a2","EOA.C.5.b","Percent of Median Household Income Spent on the Average Annual Residential Austin Water Bill","1.29%","1.5","On Track","Does not exist","Annually (Calendar Year)","August 2021","04/26/2021"
"hc3j-aane","https://data.austintexas.gov/d/hc3j-aane","https://data.austintexas.gov/stories/s/Dollar-Amount-and-Percentage-Increase-of-Major-Rat/56uv-46qi/","EOA.C.5.c","Dollar Amount and Percentage Increase of Major Rates and Fees","$115.47","Does not exist","Measuring","10/1/19 - 9/30/20","Annually (Fiscal Year)","August 2020","12/03/2020"
"rbk5-2jhe","https://data.austintexas.gov/d/rbk5-2jhe","https://data.austintexas.gov/stories/s/rw4g-mrjp","EOA.C.6","Number and percentage of residents that are living in an area considered to be a “Complete Community”","11%","100","Off Track","1/1/20 - 12/31/20","Annually (Calendar Year)","September 2020","06/10/2021"
"74ue-wamp","https://data.austintexas.gov/d/74ue-wamp","https://data.austintexas.gov/stories/s/kiyh-6vgk","EOA.D.1","Number of unsubsidized affordable market-rate rental units","129K","Does not exist","Measuring","3/1/20 - 3/31/20","Annually (Fiscal Year)","August 2020","08/14/2020"
"skjw-bbzi","https://data.austintexas.gov/d/skjw-bbzi","https://data.austintexas.gov/stories/s/gads-qvs9","EOA.D.2","Number and percentage of residential units that are considered vacant","10%","Does not exist","Measuring","1/1/17 - 12/31/17","Annually (Calendar Year)"," August 2020","08/14/2020"
"n3th-2tsi","https://data.austintexas.gov/d/n3th-2tsi","https://data.austintexas.gov/stories/s/psuj-t6cd","EOA.D.3","Median House Value","$326K","Does not exist","Measuring","10/1/20 - 9/30/21","Annually (Fiscal Year)","October 2020","04/08/2021"
"5nes-z6nx","https://data.austintexas.gov/d/5nes-z6nx","https://data.austintexas.gov/stories/s/uu7b-psr5","EOA.D.4","Number of subsidized and incentivized rental units considered to be affordable","28.6K","60000","Off Track","Does not exist","Annually (Calendar Year)","August 2020","01/05/2021"
"jru4-q79c","https://data.austintexas.gov/d/jru4-q79c","https://data.austintexas.gov/stories/s/gsim-6kur","EOA.D.5","Percentage of residential plan reviews completed on time","81%","Does not exist","Measuring","10/1/20 - 9/30/21","Annually (Fiscal Year)"," April 2021","10/26/2021"
"xtsb-4vah","https://data.austintexas.gov/d/xtsb-4vah","https://data.austintexas.gov/stories/s/467h-5vx9","EOA.D.6","Number and percentage of newly constructed housing units that are in the range of housing types from small lot single family to eightplex","13%","30","Off Track","10/1/17 to today","Annually (Fiscal Year)","August 2020","08/14/2020"
"bb6w-xwe3","https://data.austintexas.gov/d/bb6w-xwe3","https://data.austintexas.gov/stories/s/Austin-s-share-of-regional-households-whose-income/776m-fsj6","EOA.D.7","Ratio of residents whose income is less than 60 percent median family income (MFI) residing in the City of Austin to residents whose income is less than 60 percent MFI residing in the Greater Austin Metropolitan Statistical Area","56%","Does not exist","Measuring","1/1/17 - 12/31/17","Annually (Calendar Year)","August 2020","08/17/2020"
"batu-t4us","https://data.austintexas.gov/d/batu-t4us","https://data.austintexas.gov/stories/s/n78t-2him","EOA.F.1","Number and percentage of students graduating from high school (including public, charter, private, and home schools and students earning high school equivalent if data is available)","89.7%","90","Near Target","1/1/20 - 12/31/20","Annually (Calendar Year)","October 2021","10/19/2021"
"r5bk-9mi2","https://data.austintexas.gov/d/r5bk-9mi2","https://data.austintexas.gov/stories/s/b9ik-7u7k","EOA.F.2","Number and percentage of students attending schools rated as ""F” by the Texas Education Agency","2.61%","0.4","Off Track","1/1/19 - 12/31/19","Annually (Calendar Year)","November 2021","11/08/2021"
"ijas-gc8k","https://data.austintexas.gov/d/ijas-gc8k","https://data.austintexas.gov/stories/s/45mr-a27j","EOA.F.3","Number of apprenticeship and internship positions offered by City of Austin.","98","15","On Track","7/1/21 - 9/30/21","Quarterly (Fiscal Year)","Does not exist","02/25/2021"
"j9i7-ybsv","https://data.austintexas.gov/d/j9i7-ybsv","https://data.austintexas.gov/stories/s/xfnx-fpv8","EOA.F.4","Number and percentage of people who successfully complete workforce development training","39.5%","40","Near Target","9/1/19 - 8/31/20","Annually (Fiscal Year)","May 2020","10/23/2021"
"uu4y-ds7f","https://data.austintexas.gov/d/uu4y-ds7f","https://data.austintexas.gov/stories/s/muck-3gny/","EOA.F.5","Number and percentage of digital inclusion program participants who report improved digital skills","38%","83","Off Track","10/1/20 - 12/31/20","Quarterly (Fiscal Year)","April 2021","03/05/2021"
"crdh-ah3n","https://data.austintexas.gov/d/crdh-ah3n","https://data.austintexas.gov/stories/s/Number-and-percentage-of-children-enrolled-in-qual/sube-u7vs/","EOA.F.6","Number and percentage of children enrolled in quality Early Education programs (as evidenced by meeting Texas Rising Star criteria)","65%","70","Near Target","1/1/20 - 12/31/20","Annually, by calendaryear","October 2021","10/04/2021"
"2ngs-x2ss","https://data.austintexas.gov/d/2ngs-x2ss","https://data.austintexas.gov/stories/s/Number-and-percentage-of-leased-affordable-housing/hutb-dgbt/","EOA.G.2","Number and percentage of leased affordable housing units with look back periods meeting a local fair housing standard","0","Does not exist","Measuring","1/1/21 to today","Annually (Fiscal Year)","October 2020","12/03/2020"
"ty7q-khb4","https://data.austintexas.gov/d/ty7q-khb4","https://data.austintexas.gov/stories/s/xg7g-9uru","EOA.G.3","Number of persons moved out of poverty into middle-skill jobs","31%","27","On Track","9/1/19 - 8/31/20","Annually (Calendar Year)","December 2020","02/12/2021"
"mpmw-343f","https://data.austintexas.gov/d/mpmw-343f","https://data.austintexas.gov/stories/s/Number-of-households-benefiting-from-Customer-Assi/g4mj-r352/","EOA.G.4","Number of households benefiting from Customer Assistance Program (CAP)","35.6K","Does not exist","Measuring","9/1/20 - 9/30/20","Annually (Fiscal Year)","March 2021","11/10/2021"
"bn5p-ipf2","https://data.austintexas.gov/d/bn5p-ipf2","https://data.austintexas.gov/stories/s/7kz2-s6y2","GTW.A.1","Median City Property Tax as a Percentage of Median Family Income","1.8%","Does not exist","Measuring","10/1/20 - 9/30/21","Annually (Fiscal Year)","November 2021","11/04/2021"
"4uxy-xm3c","https://data.austintexas.gov/d/4uxy-xm3c","https://data.austintexas.gov/stories/s/6zse-f8st","GTW.A.2","City Tax Percentage of Full Property Tax Bill","24.0%","Does not exist","Measuring","10/1/20 - 9/30/21","Annually (Fiscal Year)","November 2021","11/04/2021"
"bmzy-x8zg","https://data.austintexas.gov/d/bmzy-x8zg","https://data.austintexas.gov/stories/s/iis6-xsd9","GTW.A.3","Adopted Operations and Maintenance (O&M) Tax Rate as a Percentage of the Effective O&M Tax Rate","108.0%","Does not exist","Measuring","10/1/19 - 9/30/20","Annually (Fiscal Year)","May 2020","10/07/2020"
"53gw-wgtb","https://data.austintexas.gov/d/53gw-wgtb","https://data.austintexas.gov/stories/s/ixex-hibp","GTW.A.4","Cost of City Services per Capita Adjusted for Inflation (General Fund only)","915","Does not exist","Measuring","10/1/18 - 9/30/19","Annually (Fiscal Year)","November 2020","11/23/2020"
"tqy6-wz8s","https://data.austintexas.gov/d/tqy6-wz8s","https://data.austintexas.gov/stories/s/we9n-h6yb","GTW.A.5","Ratio of Current Reserves to Overall Annual General Fund Budget","16.4%","12","On Track","10/1/18 - 9/30/19","Annually (Fiscal Year)","May 2020","08/05/2020"
"sr7s-mvh9","https://data.austintexas.gov/d/sr7s-mvh9","https://data.austintexas.gov/stories/s/Financial-Stability-of-the-City-of-Austin-Employee/d4mh-eiif","GTW.A.6","Financial Stability of the City of Austin Employees' Retirement Systems","68%","80","Off Track","1/1/20 - 12/31/20","Annually (Calendar Year)","July 2021","08/05/2020"
"9k2b-m7em","https://data.austintexas.gov/d/9k2b-m7em","https://data.austintexas.gov/stories/s/Percent-Variance-Between-Actual-and-Budgeted-Reven/wmvj-b5er/","GTW.A.8","Percent Variance Between Actual and Budgeted Revenue","2.6%","Does not exist","Measuring","10/1/18 - 9/30/19","Annually (Fiscal Year)","September 2020","01/12/2021"
"sgqq-ez3z","https://data.austintexas.gov/d/sgqq-ez3z","https://data.austintexas.gov/stories/s/ry4y-hdrx","GTW.B.2","Percentage of City facilities rate as ""Good"" in the Facilities Condition Index","16%","30","Off Track","10/1/20 - 9/30/21"," Annually (Fiscal Year)","September 2021","10/14/2021"
"nhcq-5kb3","https://data.austintexas.gov/d/nhcq-5kb3","https://data.austintexas.gov/stories/s/c8hg-ts4g","GTW.B.4","Percentage (number and square footage) of all City Buildings eligible for ENERGY STAR scores with a score greater than or equal to 75","44%","50","Off Track","10/1/20 - 9/30/21"," Annually (Fiscal Year)","September 2021","09/03/2021"
"txeg-w6zg","https://data.austintexas.gov/d/txeg-w6zg","https://data.austintexas.gov/stories/s/9853-zew9/","GTW.B.5","Number of City Services provided online through the City of Austin Web Portal (austintexas.gov)","104","100","On Track","Does not exist","Annually (Fiscal year)","November 2021.","11/19/2021"
"kqyj-gen7","https://data.austintexas.gov/d/kqyj-gen7","https://data.austintexas.gov/stories/s/vhpk-mfsd","GTW.B.6","Percentage of residents and employees who are satisfied with the condition of City-owned facilities (e.g. cleanliness, safety, accessibility)","61%","70","Off Track","1/1/19 - 12/31/19","Annually (Calendar Year)","March 2021","07/17/2020"
"xn4e-kx9i","https://data.austintexas.gov/d/xn4e-kx9i","https://data.austintexas.gov/stories/s/Percentage-of-infrastructure-that-is-classified-as/smwq-cx27/","GTW.B.7","Percentage of infrastructure classified as poor or failing condition in the Comprehensive Infrastructure Assessment","12%","Does not exist","Measuring","10/1/19 - 9/30/20","Every two years (Fiscal Year) ","February 2021","05/18/2021"
"w4qa-7v8q","https://data.austintexas.gov/d/w4qa-7v8q","https://data.austintexas.gov/stories/s/vwkq-mns4","GTW.C.1","Percentage of callers who report being satisfied with the services provided when they contacted our Austin 3-1-1 assistance telephone number","73%","72","On Track","1/1/19 - 12/31/19","Measure Time Period: Annually (Calendar Year)","March 2021","07/17/2020"
"ndei-d6na","https://data.austintexas.gov/d/ndei-d6na","https://data.austintexas.gov/stories/s/rzhz-fjps","GTW.C.2","Percentage of Austin residents who report being satisfied or very satisfied with the overall quality of services provided by the City","61%","67","Near Target","1/1/19 - 12/31/19","Measure Time Period: Annually (Calendar Year)","March 2021","07/17/2020"
"4wt9-t7ji","https://data.austintexas.gov/d/4wt9-t7ji","https://data.austintexas.gov/stories/s/h3ch-7b65","GTW.C.3","Percentage of residents who report being satisfied or very satisfied with the value they receive from the City of Austin for the taxes and fees they paid","32%","33","Near Target","1/1/19 - 12/31/19","Measure Time Period: Annually (Calendar Year)","March 2021","07/17/2020"
"jk57-mffw","https://data.austintexas.gov/d/jk57-mffw","https://data.austintexas.gov/stories/s/tphy-2fke","GTW.C.5","Percent operational availability of City Fleet Vehicles","92%","95","Near Target","10/1/20 - 9/30/21","Annually(Fiscal Year)","April 2021","11/02/2021"
"hm9s-etdq","https://data.austintexas.gov/d/hm9s-etdq","https://data.austintexas.gov/stories/s/w6g5-m7dq","GTW.D.1","Percentage of employees who feel that their ideas and suggestions are valued by department management","55%","52","On Track","1/1/19 - 12/31/19","Annually (Calendar Year)","October 2020","01/12/2021"
"6v3w-khcr","https://data.austintexas.gov/d/6v3w-khcr","https://data.austintexas.gov/stories/s/burb-rtic","GTW.D.2.a","Percentage of employees who report overall satisfaction with promotion, career opportunities","47%","44","On Track","Does not exist","Annually (Calendar Year)","October 2020","01/12/2021"
"dexy-rdsy","https://data.austintexas.gov/d/dexy-rdsy","https://data.austintexas.gov/stories/s/m3e2-645p","GTW.D.2.b","Percentage of employees who report competitiveness of salary","41%","39","On Track","Does not exist","Annually (Calendar Year)","October 2020","01/12/2021"
"yqek-atc9","https://data.austintexas.gov/d/yqek-atc9","https://data.austintexas.gov/stories/s/3fm3-4xds","GTW.D.3","Percentage of City employees who believe the City uses results of the Listening to the Workforce survey to make improvements in the workplace","48%","45","On Track","Does not exist","Annually (Calendar Year)Data page was last updated: October 2020","October 2020","01/12/2021"
"hmad-nm7s","https://data.austintexas.gov/d/hmad-nm7s","https://data.austintexas.gov/stories/s/deu4-w2cd","GTW.D.4","Employee attrition rate","6%","8","On Track","9/1/20 - 8/31/21","Annually (Fiscal Year)","October 2021","11/04/2021"
"fj9w-ausv","https://data.austintexas.gov/d/fj9w-ausv","https://data.austintexas.gov/stories/s/knhk-nvyy","GTW.D.5","Percentage of employees who feel that their department values diversity","76%","75","On Track","Does not exist","Annually (Calendar Year)","October 2020","01/12/2021"
"7u3n-ad83","https://data.austintexas.gov/d/7u3n-ad83","https://data.austintexas.gov/stories/s/nfcx-g3j5","GTW.E.2","Percentage of residents report being satisfied or very satisfied with their civic engagement experience with the City","38%","40","Near Target","1/1/19 - 12/31/19","Annually (Calendar Year)","March 2021","07/17/2020"
"egx8-gc67","https://data.austintexas.gov/d/egx8-gc67","https://data.austintexas.gov/stories/s/3rz5-26z3","GTW.E.3","Percentage of residents who believe Austin values dialogue between residents and government","39%","40","Near Target","1/1/19 - 12/31/19","Annually (Calendar Year)","March 2021","07/17/2020"
"tvxr-rsgv","https://data.austintexas.gov/d/tvxr-rsgv","https://data.austintexas.gov/stories/s/vmrk-df46","GTW.F.3","Percentage of City departments implementing the Equity Assessment Tool","36","44","Off Track","6/1/17 - 5/31/21","Annually (Fiscal Year)","December 2020","03/10/2021"
"6sry-88yk","https://data.austintexas.gov/d/6sry-88yk","https://data.austintexas.gov/stories/s/Percentage-of-City-employees-who-have-completed-di/9832-e8v2/","GTW.F.4","Percentage of City employees who have completed diversity / anti-racism / implicit bias training","114","180","Off Track","4/1/21 - 6/30/21","This data is reported Quarterly (Fiscal Year).","December 2020","03/10/2021"
"yii6-q5nw","https://data.austintexas.gov/d/yii6-q5nw","https://data.austintexas.gov/stories/s/yigs-zznh","GTW.G.1","Percentage of residents who report employees of the City of Austin are ethical in the way they conduct City business","53%","57","Near Target","1/1/19 - 12/31/19","Annually (Calendar Year)","March 2021","07/17/2020"
"vnxz-qad4","https://data.austintexas.gov/d/vnxz-qad4","https://data.austintexas.gov/stories/s/6b4k-85mv","GTW.G.3","Percentage of employees who report that those in their work group generally behave ethically in the workplace","76%","74","On Track","Does not exist","Annually (Calendar Year)","October 2020","01/12/2021"
"cwkx-8mzv","https://data.austintexas.gov/d/cwkx-8mzv","https://data.austintexas.gov/stories/s/Percentage-of-datasets-published-in-the-Open-Data-/jfmf-nkgg","GTW.G.4","Percentage of datasets published in the Open Data portal that are being utilized frequently","19%","23","Near Target","Does not exist","Annually (calendar year) ","April 2021","04/02/2021"
"c7kh-f49x","https://data.austintexas.gov/d/c7kh-f49x","https://data.austintexas.gov/stories/s/Ethics-Review-Commission-Data-Story/reex-zx6g/","GTW.G.5","Number of findings of unethical behavior as determined by the Ethics Review Commission","2","","Measuring","1/1/20 - 12/31/20"," Annually (Calendar Year)"," April 2021","01/12/2021"
"ty3d-ptip","https://data.austintexas.gov/d/ty3d-ptip","https://data.austintexas.gov/stories/s/fb9k-gfz5","GTW.G.6","Percentage of residents who report that they are satisfied with their ability to engage the City in a fair and transparent manner","33%","36","Near Target","1/1/19 - 12/31/19","Measure Time Period: Annually (Calendar Year)","March 2021","07/17/2020"
"8n6n-6qr2","https://data.austintexas.gov/d/8n6n-6qr2","https://data.austintexas.gov/stories/s/cvz3-7ikr","HE.A.1","Years of potential life lost before age 75 per 100,000 population","4,618","0","Measuring","1/1/20 - 12/31/20","Annually(Calendar Year)","March 2021","03/12/2021"
"33g7-4pcx","https://data.austintexas.gov/d/33g7-4pcx","https://data.austintexas.gov/stories/s/mxzy-r35z","HE.A.2","Percentage of people who report 5 or more poor mental health days within the last 30 days","22%","21.4","On Track","1/1/19 - 12/31/19","Annually (Calendar Year)","March 2021","03/02/2021"
"9aay-3ybv","https://data.austintexas.gov/d/9aay-3ybv","https://data.austintexas.gov/stories/s/7xkh-64hz","HE.A.3","Percentage of adults whose body mass index (BMI) is considered overweight or obese","57","54.8","On Track","1/1/19 - 12/31/19","Annually (Calendar Year)","February 2021","02/27/2021"
"xqiw-n8zw","https://data.austintexas.gov/d/xqiw-n8zw","https://data.austintexas.gov/stories/s/j59v-ghj7","HE.A.4","Percentage of residents with cardiovascular disease","5%","7","On Track","1/1/19 - 12/31/19","Annually (Calendar Year). ","February 2021","02/26/2021"
"vr67-mbww","https://data.austintexas.gov/d/vr67-mbww","https://data.austintexas.gov/stories/s/emj9-r2em","HE.A.5","Number and percentage of clients served through City’s health equity contracts who achieve intended healthy outcomes (e.g. healthy infant birth weight)","77%","80","Near Target","10/1/19 - 9/30/20","Annually (Fiscal Year).","April 2021","04/14/2021"
"kvyy-k37d","https://data.austintexas.gov/d/kvyy-k37d","https://data.austintexas.gov/stories/s/tw9i-pdx2","HE.B.1","Percentage of residents younger than 65 with no health insurance coverage","22%","20.4","On Track","1/1/19 - 12/31/19","Annually (Calendar Year)","February 2021","02/27/2021"
"p2xb-vn2u","https://data.austintexas.gov/d/p2xb-vn2u","https://data.austintexas.gov/stories/s/Percentage-of-residents-age-65-who-received-a-core/e3da-kvkn/","HE.B.2","Percentage of residents ≥ age 65 who received a core set of preventive clinical services in the past 12 months","18%","20.02","On Track","1/1/18 - 12/31/18","Every two years","November 2020","02/09/2021"
"u6fu-6k7i","https://data.austintexas.gov/d/u6fu-6k7i","https://data.austintexas.gov/stories/s/jwg4-2djc","HE.B.3","Infant mortality rate (number of deaths of infants younger than 1-year-old per 1,000 live births)","5.1","Does not exist","Measuring","1/1/19 - 12/31/19","Annually (Calendar Year) ","September 2020","12/18/2020"
"cart-nn2p","https://data.austintexas.gov/d/cart-nn2p","https://data.austintexas.gov/stories/s/mqa2-tm7r","HE.B.4a","Number of deaths by suicide","15.3","Does not exist","Measuring","1/1/19 - 12/31/19","Annually (Calendar Year)","September 2020","12/29/2020"
"9f9t-ukrk","https://data.austintexas.gov/d/9f9t-ukrk","https://data.austintexas.gov/stories/s/vmwr-d85g","HE.B.4.b","Number of unintentional overdose deaths","14.6","Does not exist","Measuring","1/1/19 - 12/31/19","Annually (Calendar)","September 2020","12/29/2020"
"ucs8-5rhf","https://data.austintexas.gov/d/ucs8-5rhf","https://data.austintexas.gov/stories/s/n4an-tr8w","HE.B.5","Number and percentage of clients supported through the City of Austin, including community-based preventative health screenings, who followed through with referrals to a healthcare provider or community resource","79%","85","Near Target","10/1/19 - 9/30/20","Annually (Fiscal Year)","April 2021","04/16/2021"
"v8m3-a5w9","https://data.austintexas.gov/d/v8m3-a5w9","https://data.austintexas.gov/stories/s/p65p-rump","HE.B.6","Number of Eligible Clients receiving Services through our Immunization Program","4,929.00","12000","On Track","10/1/20 - 9/30/21","Annually (Fiscal Year)","May 2021","05/11/2021"
"w64f-g4w2","https://data.austintexas.gov/d/w64f-g4w2","https://data.austintexas.gov/stories/s/Percentage-of-residents-who-have-access-to-parks-a/etbz-5muf/","HE.C.1","Percentage of residents who have access to parks and open spaces (live within one-quarter mile in urban core and within one-half mile outside of urban core)","64%","65","Near Target","1/1/19 - 12/31/19","Annually (Fiscal Year)","August 2020","10/05/2020"
"2xhr-pg24","https://data.austintexas.gov/d/2xhr-pg24","https://data.austintexas.gov/stories/s/rnwr-4s4u","HE.C.2","Austin’s ParkScore ranking (absolute score and ranking among U.S. cities)","37","35","Off Track","1/1/20 - 12/31/20"," Annually (Calendar Year)","April 2021","08/17/2021"
"yhvk-7b87","https://data.austintexas.gov/d/yhvk-7b87","https://data.austintexas.gov/stories/s/ezzw-84wr","HE.C.3","Percentage of residents satisfied with Parks and Recreation programs and facilities","66%","65","On Track","1/1/19 - 12/31/19","Annually (Calendar Year)","March 2021","07/17/2020"
"astb-6r6g","https://data.austintexas.gov/d/astb-6r6g","https://data.austintexas.gov/stories/s/2f3z-65h9","HE.C.4","Percentage of Parks and Recreation programs and services that are ADA accessible","21%","35","Off Track","10/1/19 - 9/30/20","Annually (Fiscal Year)","Does not exist","08/10/2021"
"ic9f-r6zb","https://data.austintexas.gov/d/ic9f-r6zb","https://data.austintexas.gov/stories/s/22ei-wafp","HE.C.5","Percentage of linear miles of newly constructed sidewalks and urban trails that lie within census tracts with low levels of leisure-time physical activity among adults aged 18 years or older","45%","","Measuring","1/1/20 - 12/31/20","Annually (Calendar Year)","April 2021","03/24/2021"
"ryz3-v6in","https://data.austintexas.gov/d/ryz3-v6in","https://data.austintexas.gov/stories/s/Number-of-Days-Per-Year-of-Good-Air-Quality/nfyy-i9cj/","HE.D.1","Number of Days Per Year of Good Air Quality (Air Quality Index Value <51)","235","365","Off Track","1/1/20 - 12/31/20","Annually (Calendar Year)","October 2020","09/01/2021"
"nnik-buij","https://data.austintexas.gov/d/nnik-buij","https://data.austintexas.gov/stories/s/Number-of-Days-Per-Year-in-Which-Ground-Level-Ozon/r2cp-ctva/","HE.D.2","Number of Days Per Year in Which Ground Level Ozone Concentration Exceeds EPA Standard","2","0","Off Track","1/1/20 - 12/31/20","Annually (Calendar Year)","October 2020","09/01/2021"
"k9v2-hq4d","https://data.austintexas.gov/d/k9v2-hq4d","https://data.austintexas.gov/stories/s/d5yi-gac8","HE.D.3","Number and percentage of creeks and lakes in good or excellent health","79%","56","On Track","10/1/19 - 9/30/20","Every Two Years (Fiscal Year)","March 2021 ","03/29/2021"
"h664-ripq","https://data.austintexas.gov/d/h664-ripq","https://data.austintexas.gov/stories/s/s89s-8ru7","HE.D.4","Estimated Percentage of Curbside-Collected Materials Diverted from Landfills by Austin Resource Recovery","41.96%","40.65","On Track","10/1/20 - 9/30/21","Monthly (cumulative). "," November 2021","11/01/2021"
"fzxi-b2pv","https://data.austintexas.gov/d/fzxi-b2pv","https://data.austintexas.gov/stories/s/gkfj-bt4r","HE.D.5","Percentage of Austin's total land area covered by the tree canopy","36%","Does not exist","Measuring","10/1/18 - 9/30/19","Every 4 years","April 2021","04/30/2021"
"czfa-tecx","https://data.austintexas.gov/d/czfa-tecx","https://data.austintexas.gov/stories/s/y6fs-auex","HE.D.6","Number of Gallons of Water Pumped from Treatment Plants per Capita per Day (GPCD)","127","121","Near Target","Does not exist","Annual (Fiscal Year)","April 2021","04/27/2021"
"66zw-jgpc","https://data.austintexas.gov/d/66zw-jgpc","https://data.austintexas.gov/stories/s/gmng-yd8s","HE.E.1","Community carbon footprint (number of metric tons of carbon dioxide emissions)","12.3M","11250000","Near Target","Does not exist","Annually (Calendar Year).","Does not exist","09/01/2021"
"wi59-k6az","https://data.austintexas.gov/d/wi59-k6az","https://data.austintexas.gov/stories/s/ucfh-heru","HE.E.2","Percentage of residents who report having frequent contact with friends and neighbors outside of their home","78%","75","On Track","1/1/19 - 12/31/19","Annually (Calendar Year)","March 2021","07/17/2020"
"bdfi-d9n8","https://data.austintexas.gov/d/bdfi-d9n8","https://data.austintexas.gov/stories/s/k8ja-qxaz","HE.E.3","City of Austin carbon footprint (number of metric tons of carbon dioxide emissions from our government activity)","40K","39980","Off Track","1/1/20 - 12/31/20","Annually (Calendar Year).","Does not exist","09/03/2021"
"948n-uciy","https://data.austintexas.gov/d/948n-uciy","https://data.austintexas.gov/stories/s/dz3x-kc4h","HE.E.4","Percentage of total energy consumed that is generated by renewable power sources","47%","50.9","Near Target","10/1/20 - 9/30/21","Annually (Fiscal Year)","January 2021","10/27/2021"
"5qna-4anv","https://data.austintexas.gov/d/5qna-4anv","https://data.austintexas.gov/stories/s/hnnn-h4zz/","HE.E.5.a","Number of buildings, roadways, and properties with reduced flood risk due to City efforts","67","105","Off Track","10/1/19 - 9/30/20","Annually (Fiscal Year)","March 2021","03/29/2021"
"xt2r-m3qc","https://data.austintexas.gov/d/xt2r-m3qc","https://data.austintexas.gov/stories/s/3h5e-xc5y","HE.E.5.c","Number and percentage of buildings, roadways, and properties where exposure to wildfire risk decreased due to City efforts","122","500","Off Track","1/1/20 - 12/31/20","Annually (Calendar year)","March 2021","03/31/2021"
"he92-eknj","https://data.austintexas.gov/d/he92-eknj","https://data.austintexas.gov/stories/s/jnf4-hkma","HE.F.1","Percentage of Residents Experiencing Food Insecurity","18%","16.7","Near Target","Does not exist","Annually (Calendar Year)","October 2020 ","09/15/2021"
"ir4w-bdqj","https://data.austintexas.gov/d/ir4w-bdqj","https://data.austintexas.gov/stories/s/Percentage-of-food-insecure-residents-that-are-liv/sgkj-iz5y/","HE.F.2"," Percentage of food insecure residents that are living in proximity to a City-supported fresh food access point","22%","20","On Track","Does not exist","Annually (Calendar Year)","September 2020 ","09/15/2021"
"xcr9-scwz","https://data.austintexas.gov/d/xcr9-scwz","https://data.austintexas.gov/stories/s/4qfm-q6mp","HE.F.4","Percentage of residents eligible for federal food assistance programs and who are currently enrolled","35%","35","Near Target","10/1/15 - 9/30/19","Annually (Fiscal Year).  There is a one year lag time to receive this data.","September 2020","08/05/2021"
"hbq9-ahfm","https://data.austintexas.gov/d/hbq9-ahfm","https://data.austintexas.gov/stories/s/Number-of-City-supported-fresh-food-access-points-/4kkw-9wiu/","HE.F.5","Number of City supported fresh food access points in census tracts with higher than average food insecurity rates","71","71","On Track","Does not exist","Annually (Calendar Year)","September 2020 ","09/15/2021"
"ahty-893q","https://data.austintexas.gov/d/ahty-893q","https://data.austintexas.gov/stories/s/hjiv-t2tm","EOA.E.1.a","Number of persons experiencing homelessness - Point in Time Count","2,506","2275","Off Track","1/1/20 - 12/31/20","Annually (Fiscal Year)","April 2021","03/02/2021"
"drzi-6q5b","https://data.austintexas.gov/d/drzi-6q5b","https://data.austintexas.gov/stories/s/2ejn-hrh2","EOA.E.1.b","Number of persons experiencing homelessness - Annual Count of Sheltered Homeless Persons in the Homeless Management Information System [HMIS]","3,371","4700","On Track","10/1/19 - 9/30/20","Annually (Fiscal Year)","May 2021","05/14/2021"
"7dcw-ek84","https://data.austintexas.gov/d/7dcw-ek84","https://data.austintexas.gov/stories/s/xtip-he7k","EOA.E.2","Number and percentage of persons who successfully exit from homelessness","39%","30","On Track","10/1/19 - 9/30/20","Annually (Fiscal Year)","May 2021","05/14/2021"
"wk5v-5fz7","https://data.austintexas.gov/d/wk5v-5fz7","https://data.austintexas.gov/stories/s/b8iy-icp8","EOA.E.4","Number and percentage of people receiving homelessness services through City of Austin contracts and Downtown Austin Community Court case management who move into housing","75%","80","Near Target","10/1/19 - 9/30/20","Annually (Fiscal Year)","April 2021","04/14/2021"
"8pxr-59vn","https://data.austintexas.gov/d/8pxr-59vn","https://data.austintexas.gov/stories/s/wib6-2kw7","EOA.E.5","Number of new Continuum of Care (CoC) units constructed","69","50","On Track","1/1/20 - 12/31/20","Annually (calendar year)","August 2020","01/06/2021"
"3qxy-snm4","https://data.austintexas.gov/d/3qxy-snm4","https://data.austintexas.gov/stories/s/h55f-85nb/","EOA","E.6_Number of Homeless Outreach Street Team (HOST) encounters with persons experiencing homelessness resulting in potential diversions or avoided system costs","227","150","On Track","4/1/21 - 6/30/21","Quarterly (FiscalYear)","Does not exist","11/02/2021"
"gxvb-z9k3","https://data.austintexas.gov/d/gxvb-z9k3","https://data.austintexas.gov/stories/s/Number-of-Permanent-Supportive-Housing-PSH-units-d/m9he-qnv2/","EOA.E.7","Number of Permanent Supportive Housing (PSH) units dedicated to persons experiencing chronic homelessness","1,144","1144","On Track","Does not exist","Quarterly (Fiscal Year)","August 2020","01/06/2021"
"9v3j-yjht","https://data.austintexas.gov/d/9v3j-yjht","https://data.austintexas.gov/stories/s/cutp-y8m4","EOA.E.8","Number of people who return to homelessness after moving into housing","18%","18","On Track","10/1/19 - 9/30/20","Annually (Fiscal Year)","May 2021","05/14/2021"
"6ar9-p79t","https://data.austintexas.gov/d/6ar9-p79t","https://data.austintexas.gov/stories/s/hm3r-8jfy","M.A.1","Percent split of modes based on commute to work (mode share)","26.26%","50","Off Track","1/1/19 - 12/31/19"," Annually(Calendar Year)","March 2021","02/23/2021"
"2im8-6f99","https://data.austintexas.gov/d/2im8-6f99","https://data.austintexas.gov/stories/s/M-A-2-a-Transit-Travel-Time-Reliability-percent-ch/ktzy-fxx3/","M.A.2.a","Transit Travel Time Reliability: Percent Change in MetroBus On-Time Performance","85%","83","On Track","10/1/19 - 9/30/20","Annually (Fiscal Year)","March 2021","04/02/2021"
"svjx-z6ki","https://data.austintexas.gov/d/svjx-z6ki","https://data.austintexas.gov/stories/s/m5qg-vzb9/","M.A.2.b","Vehicle Travel Time Reliability: Percent change in the day-to-day variability of vehicle travel time","19%","25","On Track","1/1/19 - 12/31/19","Annually(Calendar Year)","September 2020","12/03/2020"
"m69q-44sp","https://data.austintexas.gov/d/m69q-44sp","https://data.austintexas.gov/stories/s/39pk-y8ma","M.A.3","Percent split of modes by City of Austin employees based on commute to work, including off-peak drive-alone trips","14%","50","Off Track","1/1/19 - 12/31/19","Annually (Calendar Year) - This data is collected annually. The survey is typically distributed to employees in July or August every year and results are available in the winter or spring following the survey. ","September 2020","12/03/2020"
"nsyf-xnht","https://data.austintexas.gov/d/nsyf-xnht","https://data.austintexas.gov/stories/s/2nus-e2iu/","M.A.4","Percent of development projects that meet or exceed drive alone trip targets","35%","35","On Track","10/1/19 - 9/30/20","Annually (Fiscal Year)","November 2020","04/02/2021"
"n2iu-jwds","https://data.austintexas.gov/d/n2iu-jwds","https://data.austintexas.gov/stories/s/Change-in-average-MetroBus-travel-speed/xxgc-8j6n/","M.A.5.a","Change in average MetroBus travel speed","13.90","Does not exist","Measuring","10/1/19 - 9/30/20"," Annually (Fiscal Year)","March 2021","04/02/2021"
"8xkk-d4vd","https://data.austintexas.gov/d/8xkk-d4vd","https://data.austintexas.gov/stories/s/M-A-5-b-Percent-change-in-average-vehicle-travel-t/9f4v-kau2/","M.A.5.b","Percent change in average vehicle travel time along major City corridors","3.4%","3","Off Track","1/1/19 - 12/31/19","Annually(Calendar Year)","September 2020","08/23/2021"
"fzr9-3ui6","https://data.austintexas.gov/d/fzr9-3ui6","https://data.austintexas.gov/stories/s/tf85-sfat","M.A.6","Number and percentage of City-owned battery-electric vehicles (BEV)","264","330","Near Target","10/1/20 - 9/30/21","Annually (Fiscal Year)","April 2021","11/02/2021"
"ikge-hrbz","https://data.austintexas.gov/d/ikge-hrbz","https://data.austintexas.gov/stories/s/26rp-vy2b","M.A.7","Number of AUS passenger seats available for purchase","14.8M","14200000","On Track","10/1/19 - 9/30/20","Annually (Fiscal Year)","August 2020","12/02/2020"
"86i7-fjrw","https://data.austintexas.gov/d/86i7-fjrw","https://data.austintexas.gov/stories/s/v2qm-a67r","M.A.8","Number of Nonstop Destinations by Fiscal Year","67","58","On Track","10/1/19 - 9/30/20","Annually (Fiscal Year)","September 2020","12/07/2020"
"e524-sxyt","https://data.austintexas.gov/d/e524-sxyt","https://data.austintexas.gov/stories/s/pf5d-e2x4","M.A.9","Average Time to Clear Crashes from Major Roadways","107","Does not exist","Measuring","1/1/20 - 12/31/20","Annually (Calendar Year)","April 2021","04/27/2021"
"my4u-gtqy","https://data.austintexas.gov/d/my4u-gtqy","https://data.austintexas.gov/stories/s/yejj-ryqx","M.A.10","Number of transportation projects, programs, and initiatives that are coordinated with partner agencies","36","30","On Track","10/1/19 - 9/30/20"," Annually(Fiscal Year)","September 2020","12/03/2020"
"5i6y-ut4t","https://data.austintexas.gov/d/5i6y-ut4t","https://data.austintexas.gov/stories/s/6ywm-cejy","M.B.2","Percent satisfaction with cost of transportation to get around Austin","31%","31","Near Target","1/1/19 - 12/31/19","Measure Time Period: Annually (Calendar Year)","March 2021","07/27/2020"
"8x2s-4mus","https://data.austintexas.gov/d/8x2s-4mus","https://data.austintexas.gov/stories/s/rine-sac9","M.B.3","Percent of households reducing the number of cars in their household","9%","2","On Track","1/1/19 - 12/31/19","Measure Time Period: Annually (Calendar Year)","March 2021","07/27/2020"
"rz4z-6yum","https://data.austintexas.gov/d/rz4z-6yum","https://data.austintexas.gov/stories/s/i7kr-sc6e","M.B.4","Cost per Mile of City-owned Fleet","1.24","1.23","Near Target","10/1/20 - 9/30/21","Annually (Calendar Year)","April 2021","11/03/2021"
"mm7j-57jc","https://data.austintexas.gov/d/mm7j-57jc","https://data.austintexas.gov/stories/s/e458-a9pt","M.C.1.a","Percentage of new residential units permitted within a quarter-mile of a high-frequency transit route or protected bicycle facility","54%","60","Near Target","10/1/19 - 9/30/20","Annually (Fiscal Year)","March 2021","04/02/2021"
"w5tv-9ide","https://data.austintexas.gov/d/w5tv-9ide","https://data.austintexas.gov/stories/s/Percentage-of-permitted-new-commercial-square-foot/svxb-gk5m/","M.C.1.b","Percentage of permitted new commercial square footage within a quarter mile of a high-frequency transit route or protected bicycle facility","69%","75","Near Target","10/1/19 - 9/30/20"," Annually(Fiscal Year)","March 2021","04/02/2021"
"xabj-4qct","https://data.austintexas.gov/d/xabj-4qct","https://data.austintexas.gov/stories/s/p2hz-spmf","M.C.2","Percent satisfaction with transportation options (aside from personal vehicle) to get around Austin (e.g. ride share, bus/train, bike, walk)","24%","25","Near Target","1/1/19 - 12/31/19","Measure Time Period: Annually (Calendar Year)","March 2021","07/27/2020"
"p3t8-4eip","https://data.austintexas.gov/d/p3t8-4eip","https://data.austintexas.gov/stories/s/M-C-3-Percentage-of-population-that-has-access-to-/3agy-grwi/","M.C.3","Percentage of population that has access to innovative public transit service or is within one quarter mile of regular fixed route transit","48%","66","Off Track","1/1/20 - 12/31/20","Annually(Calendar Year)","March 2021","09/16/2021"
"k8ck-rcv7","https://data.austintexas.gov/d/k8ck-rcv7","https://data.austintexas.gov/stories/s/t3ve-rx4s","M.C.4","Percentage of sidewalks that are functionally acceptable","37%","95","Off Track","10/1/19 - 9/30/20","Annually (Fiscal Year)","April 2021","04/08/2021"
"sxt8-stwi","https://data.austintexas.gov/d/sxt8-stwi","https://data.austintexas.gov/stories/s/M-C-5-Percentage-of-participants-in-mobility-publi/pfnb-5uev/","M.C.5","Percentage of participants in mobility public engagement processes that identify as African American, Asian, Hispanic/Latino, Indigenous, Pacific Islander, and/or other people of color","29%","52","Off Track","1/1/19 - 12/31/19","Annually(Calendar Year)","March 2021","05/18/2021"
"se42-jtbn","https://data.austintexas.gov/d/se42-jtbn","https://data.austintexas.gov/stories/s/Percentage-of-Missing-Sidewalk-Network-Completed/ffkw-wkiv/","M.C.6a","Percentage of Missing Sidewalk Network Completed","0.56%","0.45","On Track","1/1/20 - 12/31/20","Annually (Calendar Year).","April 2021","04/08/2021"
"iyvu-3zp2","https://data.austintexas.gov/d/iyvu-3zp2","https://data.austintexas.gov/stories/s/fq5y-4ukw/","M.C.6.b","Percent of all ages and abilities bicycle network completed","52%","80","On Track","Does not exist","Annually (Calendar Year) ","March 2021","09/09/2021"
"ijfm-y737","https://data.austintexas.gov/d/ijfm-y737","https://data.austintexas.gov/stories/s/8nmp-gdjr","M.C.7","Percent of people working in Austin that come from outside Austin","57%","Does not exist","Measuring","1/1/17 - 12/31/17"," Annually (Calendar Year)","September 2020","06/10/2021"
"4i39-45ik","https://data.austintexas.gov/d/4i39-45ik","https://data.austintexas.gov/stories/s/a5fa-t7pt","M.D.1","Number of people and number per 100,000 residents who are killed or sustain serious injuries in traffic crashes","51","0","Off Track","1/1/20 - 12/31/20","Annually (Calendar Year)","March 2021","04/01/2021"
"kud7-ng59","https://data.austintexas.gov/d/kud7-ng59","https://data.austintexas.gov/stories/s/9ssh-bavk","M.D.2","Number of crashes resulting in fatalities or serious injuries caused by the top contributing behaviors (speeding, distracted driving, impaired driving, failure to yield)","263","0","Off Track","1/1/20 - 12/31/20","Annually(Calendar Year)","March 2021","03/18/2021"
"7ge8-c5fy","https://data.austintexas.gov/d/7ge8-c5fy","https://data.austintexas.gov/stories/s/i39b-qmzk","M.D.3","Number of fatalities and serious injuries on the High-Injury Network","228","0","Off Track","1/1/20 - 12/31/20","Annually (Calendar Year)","March 2021","03/18/2021"
"spuc-9ifd","https://data.austintexas.gov/d/spuc-9ifd","https://data.austintexas.gov/stories/s/kzsj-wd2x","M.D.4","Number and percentage of City-owned vehicles using telematics for safety and risk reports (e.g. “driver scorecard”) and number of crashes involving City vehicles","547","700","On Track","10/1/20 - 9/30/21"," Annually(Fiscal Year)","April 2021","11/02/2021"
"jg3z-wbmx","https://data.austintexas.gov/d/jg3z-wbmx","https://data.austintexas.gov/stories/s/M-D-5-Number-and-percentage-of-customer-service-re/7bpq-nym3/","M.D.5","Number and percentage of customer service requests for removal of high priority blockages in the right-of-way resolved within 72 hours","0%","95","Off Track","10/1/20 - 9/30/21"," Annually (Fiscal Year)","February 2021","07/13/2021"
"as6n-s2hz","https://data.austintexas.gov/d/as6n-s2hz","https://data.austintexas.gov/stories/s/ba2f-gge2","M.D.6","Percentage of high or very-high benefit Safe Routes to School (SRTS) projects in development, or under construction or completed","24%","10","On Track","10/1/18 - 9/30/20","Quarterly (Fiscal Year)","April 2021","06/24/2021"
"93we-ufk3","https://data.austintexas.gov/d/93we-ufk3","https://data.austintexas.gov/stories/s/iq8c-z5dc","M.E.1","Percent satisfaction with the condition of major City streets (e.g. Anderson Ln, Congress Ave., Lamar Blvd., Slaughter Ln., Martin Luther King Jr.)","42%","42","On Track","1/1/19 - 12/31/19","Measure Time Period: Annually (Calendar Year)","March 2021","07/17/2020"
"9cf9-d35y","https://data.austintexas.gov/d/9cf9-d35y","https://data.austintexas.gov/stories/s/rs7k-ptem","M.E.2","_Percent satisfaction with the overall maintenance of City sidewalks","44.6%","45","Near Target","1/1/19 - 12/31/19","Measure Time Period: Annually (Calendar Year)","March 2021","03/26/2021"
"7ade-qa5v","https://data.austintexas.gov/d/7ade-qa5v","https://data.austintexas.gov/stories/s/kara-xhcd","M.E.3","Percent of street inventory maintained annually by preventive maintenance","4%","10","Off Track","10/1/19 - 9/30/20","Quarterly (Fiscal Year)","March 2021","10/21/2021"
"mzp5-wzuh","https://data.austintexas.gov/d/mzp5-wzuh","https://data.austintexas.gov/stories/s/ks42-2pg8","M.E.4","Estimated Percentage of Protected Bikeways Swept Annually","115%","100","On Track","10/1/20 - 9/30/21","Annually (Fiscal Year) ","November 2021","11/08/2021"
"tg9p-r3fq","https://data.austintexas.gov/d/tg9p-r3fq","https://data.austintexas.gov/stories/s/kqvg-gud8","M.E.5","Percentage of high-frequency transit route street lane miles in fair to excellent condition","50%","80","Off Track","10/1/19 - 9/30/20","Annually (Fiscal Year)","April 2021","04/08/2021"
"uhd8-zjvu","https://data.austintexas.gov/d/uhd8-zjvu","https://data.austintexas.gov/stories/s/M-E-6-Number-and-percent-of-customer-service-reque/4edc-yq5y/","M.E.6","Number and percent of customer service requests for vegetation maintenance in the public right-of-way completed within 2 weeks","0%","75","Off Track","10/1/20 - 9/30/21","Annually (Fiscal Year)","February 2021","07/13/2021"
"nzp9-ga5r","https://data.austintexas.gov/d/nzp9-ga5r","https://data.austintexas.gov/stories/s/ajuu-uvjm","M.E.7","Percentage of major bridges in good to excellent condition","90%","90","On Track","1/1/20 - 12/31/20","Annual (Fiscal Year)","March 2021","03/25/2021"
"np46-4v5y","https://data.austintexas.gov/d/np46-4v5y","https://data.austintexas.gov/stories/s/jnng-iwzs","M.E.8","Percentage of street network lane miles in fair to excellent condition","75%","80","Near Target","10/1/19 - 9/30/20","Annually (Fiscal Year)","April 2021","04/08/2021"
"emgk-twy9","https://data.austintexas.gov/d/emgk-twy9","https://data.austintexas.gov/stories/s/ca5r-kdf5","S.A.1","Percentage of residents and visitors who say they feel safe anywhere, anytime in the City (at home, at work, and in my community)","69%","69","Near Target","1/1/19 - 12/31/19","Annually (Calendar Year)","March 2021","04/29/2021"
"548b-r4fa","https://data.austintexas.gov/d/548b-r4fa","https://data.austintexas.gov/stories/s/en8w-pzwk","S.A.2","Percentage of residents who say they trust the City's public safety services","84%","85","Near Target","1/1/19 - 12/31/19","Annually (Calendar Year)","March 2021","07/17/2020"
"dhav-be5n","https://data.austintexas.gov/d/dhav-be5n","https://data.austintexas.gov/stories/s/hvdf-7j4n","S.A.3","Percent of residents who say they feel confident that in case of an emergency, their response will be delivered effectively","78%","80","Near Target","1/1/19 - 12/31/19","Annually (Calendar Year)","March 2021","07/17/2020"
"csxf-pmqw","https://data.austintexas.gov/d/csxf-pmqw","https://data.austintexas.gov/stories/s/SA4-Mental-Behavioral-Health-Training/6mxm-hscu/","S.A.4","Number and percentage of eligible first responders and front line employees who have completed initial and continuing mental and behavioral health training related to serving vulnerable and diverse community members","94%","Does not exist","Measuring","1/1/20 - 12/31/20","Annually (Calendar Year)","June 2021","04/16/2021"
"ubtm-88e9","https://data.austintexas.gov/d/ubtm-88e9","https://data.austintexas.gov/stories/s/Number-and-percentage-of-emergency-responses-that-/bdcs-hxhi/","S.A.5","Number and percentage of emergency responses that meet established time standards for that type of response","80%","Does not exist","Measuring","10/1/19 - 9/30/20","Annually(Fiscal Year)","May 2021","10/27/2021"
"2zb8-2axn","https://data.austintexas.gov/d/2zb8-2axn","https://data.austintexas.gov/stories/s/uwxu-e5zh","S.B.1.a","Crimes Against Persons rate per 1,000 population and percentage change in that rate","20.42","Does not exist","Measuring","1/1/19 - 12/31/19","Annually (Calendar Year)S.B.1.b Crimes against PropertyDefinition: This measure is how many crimes against property occurred per 1,000 population in Austin.Calculation Method: We calculated this measure using the formula: Total Number of crimes divided by the population of Austin in 2019 divided by 1,000.Data Collection Process: Number of offenses are tracked by APD and validated by the FBI. This measure is on a 2 year lag. Measure Target Calculation: N/AFrequency Measure is Reported: Annually (Calendar Year)S.B.1.c Crimes against SocietyDefinition: This measure is how many crimes against society occurred per 1,000 population in Austin.Calculation Method: We calculated this measure using the formula: Total Number of crimes divided by the population of Austin in 2019 divided by 1,000.Data Collection Process: Number of offenses are tracked by APD and validated by the FBI. This measure is on a 2 year lag.Measure Target Calculation: N/AFrequency Measure is Reported: Annually (Calendar Year)","March 2021","03/26/2021"
"m7jb-p3xr","https://data.austintexas.gov/d/m7jb-p3xr","https://data.austintexas.gov/stories/s/uwxu-e5zh","S.B.1.b","Crimes Against Property rate per 1,000 population and percentage change in that rate","53.24","Does not exist","Measuring","1/1/19 - 12/31/19","Annually (Calendar Year)S.B.1.b Crimes against PropertyDefinition: This measure is how many crimes against property occurred per 1,000 population in Austin.Calculation Method: We calculated this measure using the formula: Total Number of crimes divided by the population of Austin in 2019 divided by 1,000.Data Collection Process: Number of offenses are tracked by APD and validated by the FBI. This measure is on a 2 year lag. Measure Target Calculation: N/AFrequency Measure is Reported: Annually (Calendar Year)S.B.1.c Crimes against SocietyDefinition: This measure is how many crimes against society occurred per 1,000 population in Austin.Calculation Method: We calculated this measure using the formula: Total Number of crimes divided by the population of Austin in 2019 divided by 1,000.Data Collection Process: Number of offenses are tracked by APD and validated by the FBI. This measure is on a 2 year lag.Measure Target Calculation: N/AFrequency Measure is Reported: Annually (Calendar Year)","March 2021","03/22/2021"
"ce9v-k3ec","https://data.austintexas.gov/d/ce9v-k3ec","https://data.austintexas.gov/stories/s/uwxu-e5zh","S.B.1.c","Crimes Against Society rate per 1,000 population and percentage change in that rate","7.40","Does not exist","Measuring","1/1/19 - 12/31/19","Annually (Calendar Year)S.B.1.b Crimes against PropertyDefinition: This measure is how many crimes against property occurred per 1,000 population in Austin.Calculation Method: We calculated this measure using the formula: Total Number of crimes divided by the population of Austin in 2019 divided by 1,000.Data Collection Process: Number of offenses are tracked by APD and validated by the FBI. This measure is on a 2 year lag. Measure Target Calculation: N/AFrequency Measure is Reported: Annually (Calendar Year)S.B.1.c Crimes against SocietyDefinition: This measure is how many crimes against society occurred per 1,000 population in Austin.Calculation Method: We calculated this measure using the formula: Total Number of crimes divided by the population of Austin in 2019 divided by 1,000.Data Collection Process: Number of offenses are tracked by APD and validated by the FBI. This measure is on a 2 year lag.Measure Target Calculation: N/AFrequency Measure is Reported: Annually (Calendar Year)","March 2021","03/22/2021"
"3k2k-22ek","https://data.austintexas.gov/d/3k2k-22ek","https://data.austintexas.gov/stories/s/vdhi-bz8h","S.B.3","Percentage of residents who say they have knowledge and understanding of community laws, codes, and ordinances","62%","63","Near Target","1/1/19 - 12/31/19","Annually (Calendar Year)","March 2021","07/17/2020"
"t3qu-p5d8","https://data.austintexas.gov/d/t3qu-p5d8","https://data.austintexas.gov/stories/s/4peq-swgv","S.B.4","_Percentage of residents who say they feel safe within their workplace","80%","84","Near Target","1/1/19 - 12/31/19","Annually (Calendar Year)","March 2021","07/17/2020"
"pdqn-ngqt","https://data.austintexas.gov/d/pdqn-ngqt","https://data.austintexas.gov/stories/s/ckgw-c7tv","S.B.5","Number of occupational injuries/illnesses per 100 full-time workers","3.73","2.9","Off Track","1/1/20 - 12/31/20","Annually (Fiscal Year)","October 2020","11/22/2021"
"4v3s-hvym","https://data.austintexas.gov/d/4v3s-hvym","https://data.austintexas.gov/stories/s/q9h4-8z9s/","S.B.6","Percentage of actual public safety time spent on community engagement compared to goals for community engagement","29%","35","Off Track","1/1/19 - 12/31/20","Annually (Calendar Year)","March 2021","03/23/2021"
"qgwp-rfrp","https://data.austintexas.gov/d/qgwp-rfrp","https://data.austintexas.gov/stories/s/ux2t-6z3y","S.C.1","Number and percentage of residents living in high-risk areas for top natural disasters who are enrolled to receive regional emergency alerts","15%","25","Off Track","Does not exist","Annually (Calendar Year)","December 2020","02/23/2021"
"gupk-uhzj","https://data.austintexas.gov/d/gupk-uhzj","https://data.austintexas.gov/stories/s/adg9-7aik","S.C.2","Percentage of residents living in high risk areas for natural disasters who say they have access to information and education pertaining to disasters and other major emergencies","66%","66","Near Target","1/1/19 - 12/31/19","Annually (Calendar Year)","March 2021","07/17/2020"
"k35r-ie9i","https://data.austintexas.gov/d/k35r-ie9i","https://data.austintexas.gov/stories/s/vrqf-nr4j","S.C.3","_Percentage of residents who say that they are prepared to help themselves, their families, and their neighbors to respond effectively to disasters and major emergencies","68%","67","On Track","1/1/19 - 12/31/19","Measure Time Period: Annually (Calendar Year)","March 2021","07/17/2020"
"35cx-xhjd","https://data.austintexas.gov/d/35cx-xhjd","https://data.austintexas.gov/stories/s/nqji-3wsu","S.C.4","Number and percentage of partner safety agencies and organizations participating in local and regional emergency exercises","91%","67","On Track","Does not exist","Annually (Calendar Year)","October 2020","12/08/2020"
"ybki-av8u","https://data.austintexas.gov/d/ybki-av8u","https://data.austintexas.gov/stories/s/su8r-wr2c","S.D.2","Percentage of people who agree they were treated fairly during our enforcement and judicial processes","52%","53","Near Target","1/1/19 - 12/31/19","Annually (Calendar Year)","March 2021","07/17/2020"
"u3g7-d5u6","https://data.austintexas.gov/d/u3g7-d5u6","https://data.austintexas.gov/stories/s/kx2d-jya7","S.D.3","Number and percentage of use of force incidents in proportion to the number of arrests made","11.8%","Does not exist","Measuring","1/1/19 - 12/31/19","Annually (Calendar Year)","May 2021","04/22/2021"
"944g-tss6","https://data.austintexas.gov/d/944g-tss6","https://data.austintexas.gov/stories/s/c7z3-geii","S.D.4.a","Number and Percentage of instances where people access court services other than in person and outside of normal business hours (e.g. phone, mobile application, online, expanded hours)-Municipal Court","65%","59","On Track","10/1/17 - 9/30/20","Annual (Fiscal Year)","April 2021","04/02/2021"
"ins4-wnjj","https://data.austintexas.gov/d/ins4-wnjj","https://data.austintexas.gov/stories/s/vxci-zmm3","S.D.4.b","Number and Percentage of instances where people access court services other than in person and outside normal business hours - Downtown Austin Community Court, Correspondence Cases","23%","20","On Track","10/1/17 - 9/30/20","Annual (Fiscal Year)","April 2020","04/02/2021"
"dby2-pw5t","https://data.austintexas.gov/d/dby2-pw5t","https://data.austintexas.gov/stories/s/65cb-wtrs","S.D.4.c","Number and percentage of instances where people access court services other than in person and outside normal business hours – Downtown Austin Community Court (DACC) Clients Contacts Through Outreach","11.6K","5000","On Track","10/1/17 - 9/30/21","Annual (Fiscal Year)","March 2021","04/02/2021"
"yb2k-vcw4","https://data.austintexas.gov/d/yb2k-vcw4","https://data.austintexas.gov/stories/s/mfqt-fazz","S.D.5","Number and Percentage of court cases that are adjudicated within case processing time standards- Municipal Court","89%","89","On Target","10/1/19 - 9/30/20"," Quarterly(Fiscal Year)  ","April 2021","04/20/2021"
"3bg6-5gf9","https://data.austintexas.gov/d/3bg6-5gf9","https://data.austintexas.gov/stories/s/c4qm-y2i6","S.D.6","Number and Percentage of all cases granted alternative form of adjudication (e.g. community service) in lieu of monetary penalties for those not able to pay","100%","75","On Track","10/1/20 - 9/30/21","Annual (Fiscal Year)","April 2021","03/24/2021"
